{
  "gemini-flash": {
    "architectural_A": {
      "mean": 87.99999999999999,
      "std": 5.099019513592784,
      "dur": 2.8509,
      "tools": 1.53,
      "runs": [
        0.8,
        0.85,
        0.9,
        0.9,
        0.95
      ]
    },
    "architectural_B": {
      "mean": 74.0,
      "std": 9.695359714832659,
      "dur": 10.6762,
      "tools": 3.65,
      "runs": [
        0.65,
        0.7,
        0.8,
        0.65,
        0.9
      ]
    },
    "architectural_C": {
      "mean": 86.99999999999999,
      "std": 5.099019513592783,
      "dur": 3.4396,
      "tools": 1.54,
      "runs": [
        0.85,
        0.9,
        0.8,
        0.95,
        0.85
      ]
    },
    "factual_control_A": {
      "mean": 62.000000000000014,
      "std": 11.661903789690601,
      "dur": 4.5672,
      "tools": 2.4799999999999995,
      "runs": [
        0.5,
        0.6,
        0.5,
        0.8,
        0.7
      ]
    },
    "factual_control_B": {
      "mean": 65.99999999999999,
      "std": 4.898979485566354,
      "dur": 14.970400000000001,
      "tools": 3.7,
      "runs": [
        0.7,
        0.7,
        0.7,
        0.6,
        0.6
      ]
    },
    "factual_control_C": {
      "mean": 56.00000000000001,
      "std": 10.198039027185569,
      "dur": 6.996600000000001,
      "tools": 3.3599999999999994,
      "runs": [
        0.4,
        0.5,
        0.6,
        0.7,
        0.6
      ]
    }
  },
  "gemini-pro": {
    "architectural_A": {
      "mean": 98.00000000000001,
      "std": 2.44948974278318,
      "dur": 10.0921,
      "tools": 1.5399999999999998,
      "runs": [
        0.95,
        0.95,
        1.0,
        1.0,
        1.0
      ]
    },
    "architectural_B": {
      "mean": 86.0,
      "std": 3.741657386773941,
      "dur": 39.4213,
      "tools": 3.8699999999999997,
      "runs": [
        0.85,
        0.9,
        0.8,
        0.9,
        0.85
      ]
    },
    "architectural_C": {
      "mean": 91.00000000000001,
      "std": 5.830951894845296,
      "dur": 15.6137,
      "tools": 1.6599999999999997,
      "runs": [
        0.9,
        0.95,
        0.8,
        0.95,
        0.95
      ]
    },
    "factual_control_A": {
      "mean": 80.00000000000001,
      "std": 8.944271909999161,
      "dur": 14.247,
      "tools": 2.2,
      "runs": [
        0.7,
        0.9,
        0.8,
        0.7,
        0.9
      ]
    },
    "factual_control_B": {
      "mean": 84.00000000000001,
      "std": 12.000000000000002,
      "dur": 29.493599999999997,
      "tools": 2.8800000000000003,
      "runs": [
        1.0,
        0.9,
        0.9,
        0.7,
        0.7
      ]
    },
    "factual_control_C": {
      "mean": 94.0,
      "std": 4.898979485566354,
      "dur": 20.8274,
      "tools": 3.0,
      "runs": [
        1.0,
        1.0,
        0.9,
        0.9,
        0.9
      ]
    }
  },
  "opus": {
    "architectural_A": {
      "mean": 96.0,
      "std": 3.741657386773941,
      "dur": 9.7917,
      "tools": 3.12,
      "runs": [
        0.95,
        1.0,
        0.95,
        1.0,
        0.9
      ]
    },
    "architectural_B": {
      "mean": 82.0,
      "std": 11.224972160321823,
      "dur": 31.320100000000004,
      "tools": 9.74,
      "runs": [
        0.65,
        1.0,
        0.8,
        0.85,
        0.8
      ]
    },
    "architectural_C": {
      "mean": 84.00000000000001,
      "std": 1.9999999999999973,
      "dur": 22.5674,
      "tools": 7.32,
      "runs": [
        0.8,
        0.85,
        0.85,
        0.85,
        0.85
      ]
    },
    "factual_control_A": {
      "mean": 74.0,
      "std": 4.89897948556636,
      "dur": 10.351600000000001,
      "tools": 3.1800000000000006,
      "runs": [
        0.8,
        0.7,
        0.8,
        0.7,
        0.7
      ]
    },
    "factual_control_B": {
      "mean": 98.00000000000001,
      "std": 3.9999999999999996,
      "dur": 11.144200000000001,
      "tools": 3.5,
      "runs": [
        1.0,
        1.0,
        1.0,
        0.9,
        1.0
      ]
    },
    "factual_control_C": {
      "mean": 98.00000000000001,
      "std": 3.9999999999999996,
      "dur": 10.9506,
      "tools": 3.62,
      "runs": [
        1.0,
        1.0,
        1.0,
        0.9,
        1.0
      ]
    }
  },
  "sonnet": {
    "architectural_A": {
      "mean": 98.00000000000001,
      "std": 2.44948974278318,
      "dur": 8.256499999999999,
      "tools": 3.0700000000000003,
      "runs": [
        1.0,
        1.0,
        0.95,
        1.0,
        0.95
      ]
    },
    "architectural_B": {
      "mean": 95.0,
      "std": 5.477225575051661,
      "dur": 29.865099999999995,
      "tools": 9.309999999999999,
      "runs": [
        1.0,
        0.85,
        0.95,
        0.95,
        1.0
      ]
    },
    "architectural_C": {
      "mean": 99.0,
      "std": 2.0000000000000018,
      "dur": 15.979,
      "tools": 6.029999999999999,
      "runs": [
        0.95,
        1.0,
        1.0,
        1.0,
        1.0
      ]
    },
    "factual_control_A": {
      "mean": 86.0,
      "std": 4.898979485566354,
      "dur": 8.3616,
      "tools": 4.48,
      "runs": [
        0.9,
        0.8,
        0.9,
        0.9,
        0.8
      ]
    },
    "factual_control_B": {
      "mean": 96.0,
      "std": 4.898979485566354,
      "dur": 10.570199999999998,
      "tools": 3.3800000000000003,
      "runs": [
        1.0,
        0.9,
        1.0,
        1.0,
        0.9
      ]
    },
    "factual_control_C": {
      "mean": 92.0,
      "std": 9.797958971132708,
      "dur": 11.2708,
      "tools": 3.9599999999999995,
      "runs": [
        0.8,
        1.0,
        0.8,
        1.0,
        1.0
      ]
    }
  }
}